{
  "postcss.config.js": 1767082805.3352983,
  "tailwind.config.js": 1777524502.0826929,
  "vite.config.ts": 1775610522.5723712,
  "src\\App.tsx": 1777684846.3640368,
  "src\\main.tsx": 1777167523.9024808,
  "src\\types.ts": 1777684333.5281303,
  "src\\vite-env.d.ts": 1767082953.3966167,
  "src\\components\\AIAssistant.tsx": 1777342253.0122752,
  "src\\components\\CommandMenu.tsx": 1771765201.706426,
  "src\\components\\Contact.tsx": 1777524502.05757,
  "src\\components\\Education.tsx": 1777524502.0599067,
  "src\\components\\ErrorBoundary.tsx": 1768617177.3103833,
  "src\\components\\Experience.tsx": 1777524502.0610867,
  "src\\components\\FeaturedProjects.tsx": 1777684429.0054243,
  "src\\components\\GitHubProfile.tsx": 1777685424.1656382,
  "src\\components\\Hero.tsx": 1777684856.7957952,
  "src\\components\\InitialLoader.tsx": 1775610701.6204982,
  "src\\components\\Layout.tsx": 1777525428.8839025,
  "src\\components\\LoadingSpinner.tsx": 1768617190.3806484,
  "src\\components\\Music.tsx": 1777527462.8382561,
  "src\\components\\Navbar.tsx": 1777524502.065891,
  "src\\components\\PortfolioFAQ.tsx": 1777524502.0674675,
  "src\\components\\Projects.tsx": 1777524502.068466,
  "src\\components\\ResearcherLive.tsx": 1777527478.7082458,
  "src\\components\\ResearchLabs.tsx": 1777525428.8850312,
  "src\\components\\ScrollToTop.tsx": 1777340050.4088802,
  "src\\components\\SEO.tsx": 1777515262.5177922,
  "src\\components\\Skills.tsx": 1777524502.0748074,
  "src\\components\\Spotify.tsx": 1777527316.06452,
  "src\\components\\ThemeProvider.tsx": 1775610948.2225416,
  "src\\components\\ThemeToggle.tsx": 1769567857.889887,
  "src\\data\\portfolio.ts": 1777684382.1986604,
  "src\\data\\seo-faq.ts": 1777525428.886552,
  "src\\lib\\motion.ts": 1775611072.9625845,
  "src\\lib\\seo-dates.ts": 1775611509.3718722,
  "src\\lib\\site.ts": 1777531604.8773339,
  "src\\pages\\AboutPage.tsx": 1777525428.8895762,
  "src\\pages\\BlogDetailPage.tsx": 1777525428.8905766,
  "src\\pages\\BlogsPage.tsx": 1777525809.3694887,
  "src\\pages\\ContactPage.tsx": 1777525428.8930843,
  "src\\pages\\EducationPage.tsx": 1777525428.8937385,
  "src\\pages\\ExperiencePage.tsx": 1777525428.8947449,
  "src\\pages\\HackathonsPage.tsx": 1777525428.8947449,
  "src\\pages\\Home.tsx": 1767578851.731145,
  "src\\pages\\LabsPage.tsx": 1777525428.895746,
  "src\\pages\\ProjectDetailPage.tsx": 1777525428.8972511,
  "src\\pages\\ProjectsPage.tsx": 1777525428.8977685,
  "src\\pages\\SkillsPage.tsx": 1777525428.8977685,
  "docs\\superpowers\\plans\\2026-04-30-github-profile-redesign.md": 1777526484.9141996,
  "docs\\superpowers\\specs\\2026-04-30-github-profile-redesign.md": 1777526464.7946813,
  "public\\llms.txt": 1777525542.8922968,
  "public\\robots.txt": 1777525428.8790057,
  "public\\resume.pdf": 1765295265.3662055,
  "public\\og-image.png": 1767624829.5866003,
  "public\\profile.png": 1771731562.9348762
}